block,panel,regime,statistic,estimate,lo,hi,n_users,descriptive,holm_member,backbone,model,stratum,p,n_pairs,descriptive_min_n,note
registered_pooled,ml1m,ZS,G,-0.001750950075,-0.007587222371,0.003837635886,366,false,,Qwen3-8B,zeroshot,,0.5657171414,6365,false,registered (A3 section 3)
registered_pooled,ml1m,ZS,G,-0.001750950075,-0.007587222371,0.003837635886,366,false,E-D,Qwen3-8B,mean_over_seeds,,0.5657171414,6365,false,registered
registered_pooled,ml1m,ZS,G_CF,0.03615779661,0.02280500177,0.04944626263,366,false,,Qwen3-8B,reference,,0.0009995002499,6365,false,registered
registered_pooled,ml1m,ZS,item_prior_share,0.3925744985,0.3308434724,0.4568074838,366,false,,Qwen3-8B,mean_over_seeds,,,6365,false,registered
registered_pooled,ml1m,ZS,non_prior_share,0.6074255015,0.5431925162,0.6691565276,366,false,,Qwen3-8B,mean_over_seeds,,,6365,false,registered
registered_pooled,ml1m,ZS,r8c,0.7731128268,0.7608015069,0.7853642307,366,false,,Qwen3-8B,mean_over_seeds,,,6365,false,registered
registered_pooled,ml1m,FT,G,0.00833380619,0.001125000221,0.01590577087,366,false,,Qwen3-8B,s0,,0.01899050475,6365,false,registered (A3 section 3)
registered_pooled,ml1m,FT,G,0.009521533665,0.001825746716,0.01813625885,366,false,,Qwen3-8B,s1,,0.01099450275,6365,false,registered (A3 section 3)
registered_pooled,ml1m,FT,G,0.01108699313,0.003324057978,0.01954433608,366,false,,Qwen3-8B,s2,,0.00299850075,6365,false,registered (A3 section 3)
registered_pooled,ml1m,FT,G,0.009647444328,0.002581612742,0.01728109038,366,false,E-D,Qwen3-8B,mean_over_seeds,,0.003998001,6365,false,registered
registered_pooled,ml1m,FT,G_CF,0.03615779661,0.02280500177,0.04944626263,366,false,,Qwen3-8B,reference,,0.0009995002499,6365,false,registered
registered_pooled,ml1m,FT,item_prior_share,0.9016500283,0.8881211559,0.9125538841,366,false,,Qwen3-8B,mean_over_seeds,,,6365,false,registered
registered_pooled,ml1m,FT,non_prior_share,0.09834997167,0.08744611586,0.1118788441,366,false,,Qwen3-8B,mean_over_seeds,,,6365,false,registered
registered_pooled,ml1m,FT,r8c,0.968613188,0.9665084978,0.9706015214,366,false,,Qwen3-8B,mean_over_seeds,,,6365,false,registered
registered_pooled,ml1m,FT,E_B_dUAUC_FT_minus_ZS,0.1465833583,0.1243630664,0.1686581906,366,false,E-B,Qwen3-8B,mean_over_seeds,,0.0009995002499,6365,false,registered
registered_pooled,ml1m,FT-ZS,P1_G_FT_minus_G_ZS,0.0113983944,0.003327717464,0.01996185613,366,false,,Qwen3-8B,mean_over_seeds,,0.003998001,6365,false,P1_HOLDS (registered)
E-W,ml1m,ZS,UAUC_M0,0.7586119349,0.7371140401,0.7795605492,366,true,,Qwen3-8B,shared,,,6365,false,
E-W,ml1m,ZS,UAUC_M3,0.7959311569,0.7767943129,0.8148561766,366,true,,Qwen3-8B,shared,,,6365,false,
E-W,ml1m,ZS,UAUC_M1,0.7580117733,0.7369230734,0.7791353274,366,true,,Qwen3-8B,zeroshot,,,6365,false,
E-W,ml1m,ZS,UAUC_M1,0.7580117733,0.7369230734,0.7791353274,366,true,,Qwen3-8B,mean_over_seeds,,,6365,false,
E-W,ml1m,ZS,UAUC_M2,0.7580801604,0.736911039,0.7794706695,366,true,,Qwen3-8B,zeroshot,,,6365,false,
E-W,ml1m,ZS,UAUC_M2,0.7580801604,0.736911039,0.7794706695,366,true,,Qwen3-8B,mean_over_seeds,,,6365,false,
E-W,ml1m,ZS,G_wu,6.838715754e-05,-0.002848131466,0.003085677907,366,true,,Qwen3-8B,zeroshot,,0.9555222389,6365,false,reading=both_intervals_include_0
E-W,ml1m,ZS,G_wu,6.838715754e-05,-0.002848131466,0.003085677907,366,true,,Qwen3-8B,mean_over_seeds,,0.9555222389,6365,false,reading=both_intervals_include_0
E-W,ml1m,ZS,G_CF_wu,0.037319222,0.02475955254,0.04980529041,366,true,,Qwen3-8B,shared,,0.0009995002499,6365,false,reading=robust
E-F,ml1m,ZS,UAUC_M4,0.7955087759,0.7765871778,0.8140415255,366,true,,Qwen3-8B,zeroshot,,,6365,false,
E-F,ml1m,ZS,UAUC_M4,0.7955087759,0.7765871778,0.8140415255,366,true,,Qwen3-8B,mean_over_seeds,,,6365,false,
E-F,ml1m,ZS,G_LLM_given_CF,-0.0004223809735,-0.002001631897,0.001164820772,366,true,,Qwen3-8B,zeroshot,,0.5887056472,6365,false,
E-F,ml1m,ZS,G_LLM_given_CF,-0.0004223809735,-0.002001631897,0.001164820772,366,true,,Qwen3-8B,mean_over_seeds,,0.5887056472,6365,false,
E-F,ml1m,ZS,G_CF_given_LLM,0.03742861552,0.0242613514,0.05055400006,366,true,,Qwen3-8B,zeroshot,,0.0009995002499,6365,false,
E-F,ml1m,ZS,G_CF_given_LLM,0.03742861552,0.0242613514,0.05055400006,366,true,,Qwen3-8B,mean_over_seeds,,0.0009995002499,6365,false,
E-W,ml1m,FT,UAUC_M0,0.7586119349,0.7371140401,0.7795605492,366,true,,Qwen3-8B,shared,,,6365,false,
E-W,ml1m,FT,UAUC_M3,0.7959311569,0.7767943129,0.8148561766,366,true,,Qwen3-8B,shared,,,6365,false,
E-W,ml1m,FT,UAUC_M1,0.7586046048,0.7377050356,0.7801728541,366,true,,Qwen3-8B,s0,,,6365,false,
E-W,ml1m,FT,UAUC_M1,0.7579146009,0.7367526048,0.7792428241,366,true,,Qwen3-8B,s1,,,6365,false,
E-W,ml1m,FT,UAUC_M1,0.7582842437,0.7374237021,0.7796402904,366,true,,Qwen3-8B,s2,,,6365,false,
E-W,ml1m,FT,UAUC_M1,0.7582678165,0.7372760169,0.7796298598,366,true,,Qwen3-8B,mean_over_seeds,,,6365,false,
E-W,ml1m,FT,UAUC_M2,0.7660125274,0.7460829938,0.7865261292,366,true,,Qwen3-8B,s0,,,6365,false,
E-W,ml1m,FT,UAUC_M2,0.768045805,0.748569145,0.7886627165,366,true,,Qwen3-8B,s1,,,6365,false,
E-W,ml1m,FT,UAUC_M2,0.7679736687,0.7486403347,0.7878445469,366,true,,Qwen3-8B,s2,,,6365,false,
E-W,ml1m,FT,UAUC_M2,0.7673440004,0.748010875,0.7874063137,366,true,,Qwen3-8B,mean_over_seeds,,,6365,false,
E-W,ml1m,FT,G_wu,0.007407922684,0.001184674219,0.01449643373,366,true,,Qwen3-8B,s0,,0.0219890055,6365,false,reading=robust
E-W,ml1m,FT,G_wu,0.01013120406,0.003485129261,0.01780555566,366,true,,Qwen3-8B,s1,,0.0009995002499,6365,false,reading=robust
E-W,ml1m,FT,G_wu,0.009689424964,0.00246664235,0.01708778366,366,true,,Qwen3-8B,s2,,0.00299850075,6365,false,reading=robust
E-W,ml1m,FT,G_wu,0.009076183904,0.002552636543,0.01638503705,366,true,,Qwen3-8B,mean_over_seeds,,0.00299850075,6365,false,reading=robust
E-W,ml1m,FT,G_CF_wu,0.037319222,0.02475955254,0.04980529041,366,true,,Qwen3-8B,shared,,0.0009995002499,6365,false,reading=robust
E-F,ml1m,FT,UAUC_M4,0.7990559831,0.7812416223,0.8166656123,366,true,,Qwen3-8B,s0,,,6365,false,
E-F,ml1m,FT,UAUC_M4,0.7997020778,0.7819556153,0.8172029535,366,true,,Qwen3-8B,s1,,,6365,false,
E-F,ml1m,FT,UAUC_M4,0.7995472523,0.7814398744,0.8173859617,366,true,,Qwen3-8B,s2,,,6365,false,
E-F,ml1m,FT,UAUC_M4,0.7994351044,0.7814975837,0.8168340726,366,true,,Qwen3-8B,mean_over_seeds,,,6365,false,
E-F,ml1m,FT,G_LLM_given_CF,0.003124826183,-0.001885519601,0.008705823263,366,true,,Qwen3-8B,s0,,0.2338830585,6365,false,
E-F,ml1m,FT,G_LLM_given_CF,0.003770920851,-0.001441678629,0.009577064258,366,true,,Qwen3-8B,s1,,0.1699150425,6365,false,
E-F,ml1m,FT,G_LLM_given_CF,0.00361609542,-0.002012025505,0.009855575749,366,true,,Qwen3-8B,s2,,0.2298850575,6365,false,
E-F,ml1m,FT,G_LLM_given_CF,0.003503947485,-0.001570296628,0.009185624053,366,true,,Qwen3-8B,mean_over_seeds,,0.1909045477,6365,false,
E-F,ml1m,FT,G_CF_given_LLM,0.03304345565,0.02025453362,0.04572206699,366,true,,Qwen3-8B,s0,,0.0009995002499,6365,false,
E-F,ml1m,FT,G_CF_given_LLM,0.03165627276,0.01910848734,0.04372687701,366,true,,Qwen3-8B,s1,,0.0009995002499,6365,false,
E-F,ml1m,FT,G_CF_given_LLM,0.03157358368,0.01910593379,0.04401634361,366,true,,Qwen3-8B,s2,,0.0009995002499,6365,false,
E-F,ml1m,FT,G_CF_given_LLM,0.03209110403,0.01955125908,0.04435173973,366,true,,Qwen3-8B,mean_over_seeds,,0.0009995002499,6365,false,
E-W,ml1m,FT-ZS,P1_wu_G_FT_minus_G_ZS,0.007339535526,0.0009818139372,0.0139257614,366,true,,Qwen3-8B,s0,,0.02298850575,6365,false,
E-W,ml1m,FT-ZS,P1_wu_G_FT_minus_G_ZS,0.01006281691,0.003793485046,0.01713049752,366,true,,Qwen3-8B,s1,,0.0019990005,6365,false,
E-W,ml1m,FT-ZS,P1_wu_G_FT_minus_G_ZS,0.009621037806,0.002892045468,0.01653829187,366,true,,Qwen3-8B,s2,,0.004997501249,6365,false,
E-W,ml1m,FT-ZS,P1_wu_G_FT_minus_G_ZS,0.009007796746,0.002803834332,0.01559648384,366,true,,Qwen3-8B,mean_over_seeds,,0.0019990005,6365,false,P1_WU_HOLDS; reading=robust
E-G,ml1m,,item_share_MF_score_item_bias,0.6151082059,0.5806788786,0.6468328176,366,true,,Qwen3-8B,reference,,,6356,false,reliability 1
E-G,ml1m,,item_share_label_q_hat,0.2128086625,0.1875759016,0.2397458249,366,true,,Qwen3-8B,reference,,,6365,false,reliability 1
E-G,ml1m,ZS,item_share_L_pi,0.3925744985,0.3308434724,0.4568074838,366,true,,Qwen3-8B,zeroshot,,,6365,false,
E-G,ml1m,ZS,non_prior_share,0.6074255015,0.5431925162,0.6691565276,366,true,,Qwen3-8B,zeroshot,,,6365,false,
E-G,ml1m,ZS,item_share_L_pi,0.3925744985,0.3308434724,0.4568074838,366,true,,Qwen3-8B,mean_over_seeds,,,6365,false,
E-G,ml1m,ZS,non_prior_share,0.6074255015,0.5431925162,0.6691565276,366,true,,Qwen3-8B,mean_over_seeds,,,6365,false,
E-G,ml1m,ZS,e_share,0.6155370494,0.5458969148,0.6842815331,366,true,,Qwen3-8B,zeroshot,,,6365,false,
E-G,ml1m,ZS,e_share,0.6155370494,0.5458969148,0.6842815331,366,true,,Qwen3-8B,mean_over_seeds,,,6365,false,
E-G,ml1m,FT,item_share_L_pi,0.9002194227,0.8868959658,0.9110287746,366,true,,Qwen3-8B,s0,,,6365,false,
E-G,ml1m,FT,non_prior_share,0.09978057728,0.08897122542,0.1131040342,366,true,,Qwen3-8B,s0,,,6365,false,
E-G,ml1m,FT,item_share_L_pi,0.902203574,0.887960295,0.9137237589,366,true,,Qwen3-8B,s1,,,6365,false,
E-G,ml1m,FT,non_prior_share,0.09779642596,0.08627624109,0.112039705,366,true,,Qwen3-8B,s1,,,6365,false,
E-G,ml1m,FT,item_share_L_pi,0.9025270882,0.8885571472,0.9136043194,366,true,,Qwen3-8B,s2,,,6365,false,
E-G,ml1m,FT,non_prior_share,0.09747291178,0.08639568063,0.1114428528,366,true,,Qwen3-8B,s2,,,6365,false,
E-G,ml1m,FT,item_share_L_pi,0.9016500283,0.8881211559,0.9125538841,366,true,,Qwen3-8B,mean_over_seeds,,,6365,false,
E-G,ml1m,FT,non_prior_share,0.09834997167,0.08744611586,0.1118788441,366,true,,Qwen3-8B,mean_over_seeds,,,6365,false,
E-G,ml1m,FT,e_share,0.09978694934,0.08912654974,0.1133339406,366,true,,Qwen3-8B,s0,,,6365,false,
E-G,ml1m,FT,e_share,0.09782356302,0.0863813582,0.1124505171,366,true,,Qwen3-8B,s1,,,6365,false,
E-G,ml1m,FT,e_share,0.09747291249,0.08640154179,0.1117225801,366,true,,Qwen3-8B,s2,,,6365,false,
E-G,ml1m,FT,e_share,0.09836114162,0.08746518511,0.1122312223,366,true,,Qwen3-8B,mean_over_seeds,,,6365,false,
E-H,ml1m,ZS,UAUC_L,1,1,1,1,true,,Qwen3-8B,zeroshot,sparse,,2,true,
E-H,ml1m,ZS,UAUC_L,1,1,1,1,true,,Qwen3-8B,mean_over_seeds,sparse,,2,true,
E-H,ml1m,ZS,UAUC_q_hat,1,1,1,1,true,,Qwen3-8B,reference,sparse,,2,true,
E-H,ml1m,ZS,UAUC_pi,0,0,0,1,true,,Qwen3-8B,zeroshot,sparse,,2,true,
E-H,ml1m,ZS,UAUC_pi,0,0,0,1,true,,Qwen3-8B,mean_over_seeds,sparse,,2,true,
E-H,ml1m,ZS,G_prior,0,0,0,1,true,,Qwen3-8B,zeroshot,sparse,,2,true,
E-H,ml1m,ZS,G_prior,0,0,0,1,true,,Qwen3-8B,mean_over_seeds,sparse,,2,true,
E-H,ml1m,ZS,G_wu,0,0,0,1,true,,Qwen3-8B,zeroshot,sparse,,2,true,
E-H,ml1m,ZS,G_wu,0,0,0,1,true,,Qwen3-8B,mean_over_seeds,sparse,,2,true,
E-H,ml1m,ZS,UAUC_L,0.5952923047,0.5729704594,0.6174879948,366,true,,Qwen3-8B,zeroshot,dense,,6348,false,
E-H,ml1m,ZS,UAUC_L,0.5952923047,0.5729704594,0.6174879948,366,true,,Qwen3-8B,mean_over_seeds,dense,,6348,false,
E-H,ml1m,ZS,UAUC_q_hat,0.7588562466,0.7371905766,0.7799737125,366,true,,Qwen3-8B,reference,dense,,6348,false,
E-H,ml1m,ZS,UAUC_pi,0.6204753169,0.5975123665,0.6422029534,366,true,,Qwen3-8B,zeroshot,dense,,6348,false,
E-H,ml1m,ZS,UAUC_pi,0.6204753169,0.5975123665,0.6422029534,366,true,,Qwen3-8B,mean_over_seeds,dense,,6348,false,
E-H,ml1m,ZS,G_prior,-0.0005204996186,-0.001483108341,0.0004718950376,366,true,,Qwen3-8B,zeroshot,dense,0.3308345827,6348,false,
E-H,ml1m,ZS,G_prior,-0.0005204996186,-0.001483108341,0.0004718950376,366,true,,Qwen3-8B,mean_over_seeds,dense,0.3308345827,6348,false,
E-H,ml1m,ZS,G_wu,-9.810897156e-05,-0.003024811272,0.002935431195,366,true,,Qwen3-8B,zeroshot,dense,0.9555222389,6348,false,
E-H,ml1m,ZS,G_wu,-9.810897156e-05,-0.003024811272,0.002935431195,366,true,,Qwen3-8B,mean_over_seeds,dense,0.9555222389,6348,false,
E-H,ml1m,ZS,UAUC_L,0.5032051282,0.3493589744,0.6602564103,26,true,,Qwen3-8B,zeroshot,unseen,,80,true,
E-H,ml1m,ZS,UAUC_L,0.5032051282,0.3493589744,0.6602564103,26,true,,Qwen3-8B,mean_over_seeds,unseen,,80,true,
E-H,ml1m,ZS,UAUC_q_hat,0.6891025641,0.5256410256,0.8365384615,26,true,,Qwen3-8B,reference,unseen,,80,true,
E-H,ml1m,ZS,UAUC_pi,0.5256410256,0.3557692308,0.6923076923,26,true,,Qwen3-8B,zeroshot,unseen,,80,true,
E-H,ml1m,ZS,UAUC_pi,0.5256410256,0.3557692308,0.6923076923,26,true,,Qwen3-8B,mean_over_seeds,unseen,,80,true,
E-H,ml1m,ZS,G_prior,0.002163461538,-0.01274038462,0.02139423077,26,true,,Qwen3-8B,zeroshot,unseen,,80,true,
E-H,ml1m,ZS,G_prior,0.002163461538,-0.01274038462,0.02139423077,26,true,,Qwen3-8B,mean_over_seeds,unseen,,80,true,
E-H,ml1m,ZS,G_wu,0.02331730769,-0.001923076923,0.05625600962,26,true,,Qwen3-8B,zeroshot,unseen,,80,true,
E-H,ml1m,ZS,G_wu,0.02331730769,-0.001923076923,0.05625600962,26,true,,Qwen3-8B,mean_over_seeds,unseen,,80,true,
E-H,ml1m,ZS,UAUC_L,0.596129973,0.5723039698,0.6193131053,364,true,,Qwen3-8B,zeroshot,seen,,6135,false,
E-H,ml1m,ZS,UAUC_L,0.596129973,0.5723039698,0.6193131053,364,true,,Qwen3-8B,mean_over_seeds,seen,,6135,false,
E-H,ml1m,ZS,UAUC_q_hat,0.7560733705,0.7340098391,0.7767503483,364,true,,Qwen3-8B,reference,seen,,6135,false,
E-H,ml1m,ZS,UAUC_pi,0.6226745586,0.6021110925,0.6440375901,364,true,,Qwen3-8B,zeroshot,seen,,6135,false,
E-H,ml1m,ZS,UAUC_pi,0.6226745586,0.6021110925,0.6440375901,364,true,,Qwen3-8B,mean_over_seeds,seen,,6135,false,
E-H,ml1m,ZS,G_prior,-2.342732369e-05,-0.0009869719655,0.0009499225708,364,true,,Qwen3-8B,zeroshot,seen,0.9795102449,6135,false,
E-H,ml1m,ZS,G_prior,-2.342732369e-05,-0.0009869719655,0.0009499225708,364,true,,Qwen3-8B,mean_over_seeds,seen,0.9795102449,6135,false,
E-H,ml1m,ZS,G_wu,0.0002685317081,-0.002355853461,0.003215230208,364,true,,Qwen3-8B,zeroshot,seen,0.8525737131,6135,false,
E-H,ml1m,ZS,G_wu,0.0002685317081,-0.002355853461,0.003215230208,364,true,,Qwen3-8B,mean_over_seeds,seen,0.8525737131,6135,false,
E-H,ml1m,FT,UAUC_L,1,1,1,1,true,,Qwen3-8B,s0,sparse,,2,true,
E-H,ml1m,FT,UAUC_L,1,1,1,1,true,,Qwen3-8B,s1,sparse,,2,true,
E-H,ml1m,FT,UAUC_L,1,1,1,1,true,,Qwen3-8B,s2,sparse,,2,true,
E-H,ml1m,FT,UAUC_L,1,1,1,1,true,,Qwen3-8B,mean_over_seeds,sparse,,2,true,
E-H,ml1m,FT,UAUC_q_hat,1,1,1,1,true,,Qwen3-8B,reference,sparse,,2,true,
E-H,ml1m,FT,UAUC_pi,1,1,1,1,true,,Qwen3-8B,s0,sparse,,2,true,
E-H,ml1m,FT,UAUC_pi,1,1,1,1,true,,Qwen3-8B,s1,sparse,,2,true,
E-H,ml1m,FT,UAUC_pi,0,0,0,1,true,,Qwen3-8B,s2,sparse,,2,true,
E-H,ml1m,FT,UAUC_pi,0.6666666667,0.6666666667,0.6666666667,1,true,,Qwen3-8B,mean_over_seeds,sparse,,2,true,
E-H,ml1m,FT,G_prior,0,0,0,1,true,,Qwen3-8B,s0,sparse,,2,true,
E-H,ml1m,FT,G_prior,0,0,0,1,true,,Qwen3-8B,s1,sparse,,2,true,
E-H,ml1m,FT,G_prior,0,0,0,1,true,,Qwen3-8B,s2,sparse,,2,true,
E-H,ml1m,FT,G_prior,0,0,0,1,true,,Qwen3-8B,mean_over_seeds,sparse,,2,true,
E-H,ml1m,FT,G_wu,0,0,0,1,true,,Qwen3-8B,s0,sparse,,2,true,
E-H,ml1m,FT,G_wu,0,0,0,1,true,,Qwen3-8B,s1,sparse,,2,true,
E-H,ml1m,FT,G_wu,0,0,0,1,true,,Qwen3-8B,s2,sparse,,2,true,
E-H,ml1m,FT,G_wu,0,0,0,1,true,,Qwen3-8B,mean_over_seeds,sparse,,2,true,
E-H,ml1m,FT,UAUC_L,0.7402220843,0.7202637905,0.7589544753,366,true,,Qwen3-8B,s0,dense,,6348,false,
E-H,ml1m,FT,UAUC_L,0.7447539682,0.7255511623,0.7637448925,366,true,,Qwen3-8B,s1,dense,,6348,false,
E-H,ml1m,FT,UAUC_L,0.7428496542,0.7230072764,0.7615191213,366,true,,Qwen3-8B,s2,dense,,6348,false,
E-H,ml1m,FT,UAUC_L,0.7426085689,0.7231305524,0.7611523084,366,true,,Qwen3-8B,mean_over_seeds,dense,,6348,false,
E-H,ml1m,FT,UAUC_q_hat,0.7588562466,0.7371905766,0.7799737125,366,true,,Qwen3-8B,reference,dense,,6348,false,
E-H,ml1m,FT,UAUC_pi,0.7269797912,0.7051253154,0.7494877698,366,true,,Qwen3-8B,s0,dense,,6348,false,
E-H,ml1m,FT,UAUC_pi,0.7288326973,0.7080821556,0.7501297085,366,true,,Qwen3-8B,s1,dense,,6348,false,
E-H,ml1m,FT,UAUC_pi,0.7297626731,0.7083915848,0.7500881862,366,true,,Qwen3-8B,s2,dense,,6348,false,
E-H,ml1m,FT,UAUC_pi,0.7285250539,0.7080057366,0.7498083223,366,true,,Qwen3-8B,mean_over_seeds,dense,,6348,false,
E-H,ml1m,FT,G_prior,5.687217043e-05,-0.002501683445,0.002604784037,366,true,,Qwen3-8B,s0,dense,0.9545227386,6348,false,
E-H,ml1m,FT,G_prior,-0.000589552868,-0.003012280185,0.001791192308,366,true,,Qwen3-8B,s1,dense,0.6326836582,6348,false,
E-H,ml1m,FT,G_prior,-0.0002563231335,-0.002781265637,0.002277728096,366,true,,Qwen3-8B,s2,dense,0.8385807096,6348,false,
E-H,ml1m,FT,G_prior,-0.000263001277,-0.002743342365,0.002179749666,366,true,,Qwen3-8B,mean_over_seeds,dense,0.8465767116,6348,false,
E-H,ml1m,FT,G_wu,0.00679346705,0.0003631369406,0.01388529496,366,true,,Qwen3-8B,s0,dense,0.03698150925,6348,false,
E-H,ml1m,FT,G_wu,0.009485746862,0.002897568737,0.01706017778,366,true,,Qwen3-8B,s1,dense,0.00299850075,6348,false,
E-H,ml1m,FT,G_wu,0.009142693674,0.001951973791,0.0165058821,366,true,,Qwen3-8B,s2,dense,0.008995502249,6348,false,
E-H,ml1m,FT,G_wu,0.008473969195,0.001969919504,0.01564822973,366,true,,Qwen3-8B,mean_over_seeds,dense,0.004997501249,6348,false,
E-H,ml1m,FT,UAUC_L,0.7387820513,0.5977564103,0.8702323718,26,true,,Qwen3-8B,s0,unseen,,80,true,
E-H,ml1m,FT,UAUC_L,0.7756410256,0.6474358974,0.891025641,26,true,,Qwen3-8B,s1,unseen,,80,true,
E-H,ml1m,FT,UAUC_L,0.7179487179,0.5769230769,0.8461538462,26,true,,Qwen3-8B,s2,unseen,,80,true,
E-H,ml1m,FT,UAUC_L,0.7441239316,0.6223290598,0.8530982906,26,true,,Qwen3-8B,mean_over_seeds,unseen,,80,true,
E-H,ml1m,FT,UAUC_q_hat,0.6891025641,0.5256410256,0.8365384615,26,true,,Qwen3-8B,reference,unseen,,80,true,
E-H,ml1m,FT,UAUC_pi,0.7211538462,0.5801282051,0.8461538462,26,true,,Qwen3-8B,s0,unseen,,80,true,
E-H,ml1m,FT,UAUC_pi,0.7532051282,0.625,0.8717948718,26,true,,Qwen3-8B,s1,unseen,,80,true,
E-H,ml1m,FT,UAUC_pi,0.7019230769,0.5544070513,0.8333333333,26,true,,Qwen3-8B,s2,unseen,,80,true,
E-H,ml1m,FT,UAUC_pi,0.7254273504,0.5918536325,0.844017094,26,true,,Qwen3-8B,mean_over_seeds,unseen,,80,true,
E-H,ml1m,FT,G_prior,0.06105769231,-0.008822115385,0.1596394231,26,true,,Qwen3-8B,s0,unseen,,80,true,
E-H,ml1m,FT,G_prior,0.06298076923,-0.001923076923,0.1528846154,26,true,,Qwen3-8B,s1,unseen,,80,true,
E-H,ml1m,FT,G_prior,0.03846153846,-0.01730769231,0.1201923077,26,true,,Qwen3-8B,s2,unseen,,80,true,
E-H,ml1m,FT,G_prior,0.05416666667,-0.007724358974,0.1442307692,26,true,,Qwen3-8B,mean_over_seeds,unseen,,80,true,
E-H,ml1m,FT,G_wu,0.1084935897,0.04166666667,0.1878205128,26,true,,Qwen3-8B,s0,unseen,,80,true,
E-H,ml1m,FT,G_wu,0.1036858974,0.02435096154,0.1956730769,26,true,,Qwen3-8B,s1,unseen,,80,true,
E-H,ml1m,FT,G_wu,0.1267628205,0.03878205128,0.2342988782,26,true,,Qwen3-8B,s2,unseen,,80,true,
E-H,ml1m,FT,G_wu,0.1129807692,0.03749599359,0.1990424679,26,true,,Qwen3-8B,mean_over_seeds,unseen,,80,true,
E-H,ml1m,FT,UAUC_L,0.7396703539,0.7187971143,0.7585123084,364,true,,Qwen3-8B,s0,seen,,6135,false,
E-H,ml1m,FT,UAUC_L,0.7441522354,0.7242826337,0.7628020383,364,true,,Qwen3-8B,s1,seen,,6135,false,
E-H,ml1m,FT,UAUC_L,0.743222806,0.722464636,0.7621414912,364,true,,Qwen3-8B,s2,seen,,6135,false,
E-H,ml1m,FT,UAUC_L,0.7423484651,0.7219637219,0.7610533094,364,true,,Qwen3-8B,mean_over_seeds,seen,,6135,false,
E-H,ml1m,FT,UAUC_q_hat,0.7560733705,0.7340098391,0.7767503483,364,true,,Qwen3-8B,reference,seen,,6135,false,
E-H,ml1m,FT,UAUC_pi,0.7280552797,0.7056680973,0.748250838,364,true,,Qwen3-8B,s0,seen,,6135,false,
E-H,ml1m,FT,UAUC_pi,0.7299694871,0.7089452481,0.7507548553,364,true,,Qwen3-8B,s1,seen,,6135,false,
E-H,ml1m,FT,UAUC_pi,0.7297101553,0.7075034207,0.7495653034,364,true,,Qwen3-8B,s2,seen,,6135,false,
E-H,ml1m,FT,UAUC_pi,0.729244974,0.7078261477,0.7488997516,364,true,,Qwen3-8B,mean_over_seeds,seen,,6135,false,
E-H,ml1m,FT,G_prior,0.0002640866751,-0.00235744213,0.002833064477,364,true,,Qwen3-8B,s0,seen,0.8655672164,6135,false,
E-H,ml1m,FT,G_prior,-0.000257136769,-0.002699974567,0.001914847592,364,true,,Qwen3-8B,s1,seen,0.7946026987,6135,false,
E-H,ml1m,FT,G_prior,0.0001251464462,-0.002481933107,0.002432583018,364,true,,Qwen3-8B,s2,seen,0.9425287356,6135,false,
E-H,ml1m,FT,G_prior,4.403211744e-05,-0.002498606948,0.002315878637,364,true,,Qwen3-8B,mean_over_seeds,seen,0.9805097451,6135,false,
E-H,ml1m,FT,G_wu,0.007144493494,0.0005928289421,0.01415790378,364,true,,Qwen3-8B,s0,seen,0.03498250875,6135,false,
E-H,ml1m,FT,G_wu,0.009767504858,0.003091235261,0.01711132859,364,true,,Qwen3-8B,s1,seen,0.003998001,6135,false,
E-H,ml1m,FT,G_wu,0.009362955047,0.002206453322,0.0167074736,364,true,,Qwen3-8B,s2,seen,0.004997501249,6135,false,
E-H,ml1m,FT,G_wu,0.0087583178,0.002205110301,0.01571747872,364,true,,Qwen3-8B,mean_over_seeds,seen,0.00299850075,6135,false,
E-J,ml1m,ZS,dUAUC_L_minus_q_hat,-0.1627292279,-0.1883100049,-0.1367163086,366,true,,Qwen3-8B,zeroshot,,0.0009995002499,6365,false,
E-J,ml1m,ZS,dUAUC_L_minus_q_hat,-0.1627292279,-0.1883100049,-0.1367163086,366,true,,Qwen3-8B,mean_over_seeds,,0.0009995002499,6365,false,
E-J,ml1m,ZS,dUAUC_L_minus_q_hat_T,-0.1604528869,-0.1860585706,-0.1346808011,366,true,,Qwen3-8B,zeroshot,,0.0009995002499,6365,false,
E-J,ml1m,ZS,dUAUC_L_minus_q_hat_T,-0.1604528869,-0.1860585706,-0.1346808011,366,true,,Qwen3-8B,mean_over_seeds,,0.0009995002499,6365,false,
E-J,ml1m,ZS,dUAUC_L_minus_MF_warm,-0.1949657238,-0.2224748872,-0.1683667775,366,true,,Qwen3-8B,zeroshot,,0.0009995002499,6356,false,
E-J,ml1m,ZS,dUAUC_L_minus_MF_warm,-0.1949657238,-0.2224748872,-0.1683667775,366,true,,Qwen3-8B,mean_over_seeds,,0.0009995002499,6356,false,
E-J,ml1m,FT,dUAUC_L_minus_q_hat,-0.01860570883,-0.03171506215,-0.005014958672,366,true,,Qwen3-8B,s0,,0.008995502249,6365,false,
E-J,ml1m,FT,dUAUC_L_minus_q_hat,-0.01394599052,-0.0270329071,-0.0001737541664,366,true,,Qwen3-8B,s1,,0.04797601199,6365,false,
E-J,ml1m,FT,dUAUC_L_minus_q_hat,-0.01588590961,-0.02986001702,-0.001361114037,366,true,,Qwen3-8B,s2,,0.0299850075,6365,false,
E-J,ml1m,FT,dUAUC_L_minus_q_hat,-0.01614586965,-0.02909298368,-0.002615428909,366,true,,Qwen3-8B,mean_over_seeds,,0.02698650675,6365,false,
E-J,ml1m,FT,dUAUC_L_minus_q_hat_T,-0.01632936781,-0.02935600341,-0.002828683737,366,true,,Qwen3-8B,s0,,0.0259870065,6365,false,
E-J,ml1m,FT,dUAUC_L_minus_q_hat_T,-0.01166964951,-0.02460702362,0.001790131757,366,true,,Qwen3-8B,s1,,0.08895552224,6365,false,
E-J,ml1m,FT,dUAUC_L_minus_q_hat_T,-0.01360956859,-0.02804193899,0.0006772899357,366,true,,Qwen3-8B,s2,,0.05997001499,6365,false,
E-J,ml1m,FT,dUAUC_L_minus_q_hat_T,-0.01386952863,-0.02695088914,-0.0006206532042,366,true,,Qwen3-8B,mean_over_seeds,,0.04697651174,6365,false,
E-J,ml1m,FT,dUAUC_L_minus_MF_warm,-0.05076773376,-0.06786122803,-0.03454672091,366,true,,Qwen3-8B,s0,,0.0009995002499,6356,false,
E-J,ml1m,FT,dUAUC_L_minus_MF_warm,-0.04632095869,-0.0635810565,-0.02948543733,366,true,,Qwen3-8B,s1,,0.0009995002499,6356,false,
E-J,ml1m,FT,dUAUC_L_minus_MF_warm,-0.0480767455,-0.06551361215,-0.03126562365,366,true,,Qwen3-8B,s2,,0.0009995002499,6356,false,
E-J,ml1m,FT,dUAUC_L_minus_MF_warm,-0.04838847932,-0.06532476054,-0.03164266058,366,true,,Qwen3-8B,mean_over_seeds,,0.0009995002499,6356,false,
E-C',ml1m,ZS,oracle:topk_error_rate,0.3391987431,0.3252746358,0.3527171666,366,true,,Qwen3-8B,zeroshot,,,6365,false,
E-C',ml1m,ZS,oracle:AUROC_margin_correct,0.6330058605,0.6152024129,0.6495836547,366,true,,Qwen3-8B,zeroshot,,,6365,false,
E-C',ml1m,ZS,oracle:share_errors_top,0.21352478,0.1969480074,0.2326365272,366,true,,Qwen3-8B,zeroshot,,,6365,false,
E-C',ml1m,ZS,oracle:AURC,0.2441976711,0.2255803972,0.2637167631,366,true,,Qwen3-8B,zeroshot,,,6365,false,
E-C',ml1m,ZS,oracle:topk_error_rate,0.3391987431,0.3252746358,0.3527171666,366,true,,Qwen3-8B,mean_over_seeds,,,6365,false,
E-C',ml1m,ZS,oracle:AUROC_margin_correct,0.6330058605,0.6152024129,0.6495836547,366,true,,Qwen3-8B,mean_over_seeds,,,6365,false,
E-C',ml1m,ZS,oracle:share_errors_top,0.21352478,0.1969480074,0.2326365272,366,true,,Qwen3-8B,mean_over_seeds,,,6365,false,
E-C',ml1m,ZS,oracle:AURC,0.2441976711,0.2255803972,0.2637167631,366,true,,Qwen3-8B,mean_over_seeds,,,6365,false,
E-C',ml1m,ZS,deployable:topk_error_rate,0.4006284368,0.3867015259,0.4150079869,366,true,,Qwen3-8B,zeroshot,,,6365,false,
E-C',ml1m,ZS,deployable:AUROC_margin_correct,0.5787643204,0.5628685807,0.5945103658,366,true,,Qwen3-8B,zeroshot,,,6365,false,
E-C',ml1m,ZS,deployable:share_errors_top,0.2670588235,0.2501960981,0.2831088242,366,true,,Qwen3-8B,zeroshot,,,6365,false,
E-C',ml1m,ZS,deployable:AURC,0.3360146982,0.3154884568,0.3583556903,366,true,,Qwen3-8B,zeroshot,,,6365,false,
E-C',ml1m,ZS,deployable:topk_error_rate,0.4006284368,0.3867015259,0.4150079869,366,true,,Qwen3-8B,mean_over_seeds,,,6365,false,
E-C',ml1m,ZS,deployable:AUROC_margin_correct,0.5787643204,0.5628685807,0.5945103658,366,true,,Qwen3-8B,mean_over_seeds,,,6365,false,
E-C',ml1m,ZS,deployable:share_errors_top,0.2670588235,0.2501960981,0.2831088242,366,true,,Qwen3-8B,mean_over_seeds,,,6365,false,
E-C',ml1m,ZS,deployable:AURC,0.3360146982,0.3154884568,0.3583556903,366,true,,Qwen3-8B,mean_over_seeds,,,6365,false,
E-C',ml1m,ZS,deployable_minus_oracle:topk_error_rate,0.06142969364,0.05038153868,0.07301525063,366,true,,Qwen3-8B,zeroshot,,,6365,false,
E-C',ml1m,ZS,deployable_minus_oracle:AUROC_margin_correct,-0.05424154012,-0.06989634713,-0.03852324616,366,true,,Qwen3-8B,zeroshot,,,6365,false,
E-C',ml1m,ZS,deployable_minus_oracle:share_errors_top,0.05353404354,0.03616637622,0.06926894456,366,true,,Qwen3-8B,zeroshot,,,6365,false,
E-C',ml1m,ZS,deployable_minus_oracle:AURC,0.09181702713,0.07934237923,0.1053396408,366,true,,Qwen3-8B,zeroshot,,,6365,false,
E-C',ml1m,ZS,deployable_minus_oracle:topk_error_rate,0.06142969364,0.05038153868,0.07301525063,366,true,,Qwen3-8B,mean_over_seeds,,,6365,false,
E-C',ml1m,ZS,deployable_minus_oracle:AUROC_margin_correct,-0.05424154012,-0.06989634713,-0.03852324616,366,true,,Qwen3-8B,mean_over_seeds,,,6365,false,
E-C',ml1m,ZS,deployable_minus_oracle:share_errors_top,0.05353404354,0.03616637622,0.06926894456,366,true,,Qwen3-8B,mean_over_seeds,,,6365,false,
E-C',ml1m,ZS,deployable_minus_oracle:AURC,0.09181702713,0.07934237923,0.1053396408,366,true,,Qwen3-8B,mean_over_seeds,,,6365,false,
E-C',ml1m,FT,oracle:topk_error_rate,0.2545168892,0.2408889196,0.268093821,366,true,,Qwen3-8B,s0,,,6365,false,
E-C',ml1m,FT,oracle:AUROC_margin_correct,0.7145847481,0.6994989909,0.7294458586,366,true,,Qwen3-8B,s0,,,6365,false,
E-C',ml1m,FT,oracle:share_errors_top,0.1271604938,0.1130866378,0.1448130575,366,true,,Qwen3-8B,s0,,,6365,false,
E-C',ml1m,FT,oracle:AURC,0.1351654458,0.1227707429,0.148292556,366,true,,Qwen3-8B,s0,,,6365,false,
E-C',ml1m,FT,oracle:topk_error_rate,0.2472898665,0.2334889393,0.260987733,366,true,,Qwen3-8B,s1,,,6365,false,
E-C',ml1m,FT,oracle:AUROC_margin_correct,0.7002911007,0.684472226,0.7162552411,366,true,,Qwen3-8B,s1,,,6365,false,
E-C',ml1m,FT,oracle:share_errors_top,0.1321473952,0.1163231914,0.1473301753,366,true,,Qwen3-8B,s1,,,6365,false,
E-C',ml1m,FT,oracle:AURC,0.1346199549,0.1224880289,0.1470589687,366,true,,Qwen3-8B,s1,,,6365,false,
E-C',ml1m,FT,oracle:topk_error_rate,0.2471327573,0.2338499539,0.2606608337,366,true,,Qwen3-8B,s2,,,6365,false,
E-C',ml1m,FT,oracle:AUROC_margin_correct,0.7024584442,0.6869117358,0.717470228,366,true,,Qwen3-8B,s2,,,6365,false,
E-C',ml1m,FT,oracle:share_errors_top,0.138588684,0.1203452058,0.1548346665,366,true,,Qwen3-8B,s2,,,6365,false,
E-C',ml1m,FT,oracle:AURC,0.1347665839,0.1223866715,0.147449233,366,true,,Qwen3-8B,s2,,,6365,false,
E-C',ml1m,FT,oracle:topk_error_rate,0.2496465043,0.2364583434,0.2630353572,366,true,,Qwen3-8B,mean_over_seeds,,,6365,false,
E-C',ml1m,FT,oracle:AUROC_margin_correct,0.7057780976,0.6917275977,0.7194828432,366,true,,Qwen3-8B,mean_over_seeds,,,6365,false,
E-C',ml1m,FT,oracle:share_errors_top,0.132632191,0.1180772378,0.1480063936,366,true,,Qwen3-8B,mean_over_seeds,,,6365,false,
E-C',ml1m,FT,oracle:AURC,0.1348506615,0.1224742518,0.1475947183,366,true,,Qwen3-8B,mean_over_seeds,,,6365,false,
E-C',ml1m,FT,deployable:topk_error_rate,0.3205027494,0.306750172,0.3342887615,366,true,,Qwen3-8B,s0,,,6365,false,
E-C',ml1m,FT,deployable:AUROC_margin_correct,0.6413091919,0.6262492261,0.6575430311,366,true,,Qwen3-8B,s0,,,6365,false,
E-C',ml1m,FT,deployable:share_errors_top,0.212745098,0.193640578,0.2277096541,366,true,,Qwen3-8B,s0,,,6365,false,
E-C',ml1m,FT,deployable:AURC,0.2260243539,0.2094338165,0.2430088158,366,true,,Qwen3-8B,s0,,,6365,false,
E-C',ml1m,FT,deployable:topk_error_rate,0.3165750196,0.302701237,0.3311277054,366,true,,Qwen3-8B,s1,,,6365,false,
E-C',ml1m,FT,deployable:AUROC_margin_correct,0.640568552,0.6254284928,0.6551759369,366,true,,Qwen3-8B,s1,,,6365,false,
E-C',ml1m,FT,deployable:share_errors_top,0.1975186104,0.1831726974,0.2163476391,366,true,,Qwen3-8B,s1,,,6365,false,
E-C',ml1m,FT,deployable:AURC,0.2207736486,0.2046756823,0.2374367391,366,true,,Qwen3-8B,s1,,,6365,false,
E-C',ml1m,FT,deployable:topk_error_rate,0.3175176748,0.3035642799,0.3315391088,366,true,,Qwen3-8B,s2,,,6365,false,
E-C',ml1m,FT,deployable:AUROC_margin_correct,0.6466174004,0.6311095763,0.6615240061,366,true,,Qwen3-8B,s2,,,6365,false,
E-C',ml1m,FT,deployable:share_errors_top,0.2018802573,0.1848573981,0.2197698086,366,true,,Qwen3-8B,s2,,,6365,false,
E-C',ml1m,FT,deployable:AURC,0.221337121,0.2043332367,0.2383206823,366,true,,Qwen3-8B,s2,,,6365,false,
E-C',ml1m,FT,deployable:topk_error_rate,0.3181984813,0.3049113524,0.3318063313,366,true,,Qwen3-8B,mean_over_seeds,,,6365,false,
E-C',ml1m,FT,deployable:AUROC_margin_correct,0.6428317147,0.6294476933,0.6559341143,366,true,,Qwen3-8B,mean_over_seeds,,,6365,false,
E-C',ml1m,FT,deployable:share_errors_top,0.2040479886,0.1890115249,0.2196296468,366,true,,Qwen3-8B,mean_over_seeds,,,6365,false,
E-C',ml1m,FT,deployable:AURC,0.2227117078,0.2062071884,0.239025848,366,true,,Qwen3-8B,mean_over_seeds,,,6365,false,
E-C',ml1m,FT,deployable_minus_oracle:topk_error_rate,0.06598586017,0.05495435919,0.07772863259,366,true,,Qwen3-8B,s0,,,6365,false,
E-C',ml1m,FT,deployable_minus_oracle:AUROC_margin_correct,-0.07327555619,-0.08993202469,-0.05621927824,366,true,,Qwen3-8B,s0,,,6365,false,
E-C',ml1m,FT,deployable_minus_oracle:share_errors_top,0.08558460421,0.06305559621,0.101339195,366,true,,Qwen3-8B,s0,,,6365,false,
E-C',ml1m,FT,deployable_minus_oracle:AURC,0.09085890807,0.07913388789,0.1032161766,366,true,,Qwen3-8B,s0,,,6365,false,
E-C',ml1m,FT,deployable_minus_oracle:topk_error_rate,0.06928515318,0.05734121073,0.08114716637,366,true,,Qwen3-8B,s1,,,6365,false,
E-C',ml1m,FT,deployable_minus_oracle:AUROC_margin_correct,-0.05972254871,-0.0769575153,-0.04301429268,366,true,,Qwen3-8B,s1,,,6365,false,
E-C',ml1m,FT,deployable_minus_oracle:share_errors_top,0.06537121525,0.04965082253,0.08624042821,366,true,,Qwen3-8B,s1,,,6365,false,
E-C',ml1m,FT,deployable_minus_oracle:AURC,0.08615369374,0.07465269259,0.09800811063,366,true,,Qwen3-8B,s1,,,6365,false,
E-C',ml1m,FT,deployable_minus_oracle:topk_error_rate,0.07038491752,0.05941934614,0.0819742447,366,true,,Qwen3-8B,s2,,,6365,false,
E-C',ml1m,FT,deployable_minus_oracle:AUROC_margin_correct,-0.05584104384,-0.07345124041,-0.03944564827,366,true,,Qwen3-8B,s2,,,6365,false,
E-C',ml1m,FT,deployable_minus_oracle:share_errors_top,0.06329157326,0.04688340118,0.08325161728,366,true,,Qwen3-8B,s2,,,6365,false,
E-C',ml1m,FT,deployable_minus_oracle:AURC,0.08657053707,0.07555999203,0.09866772665,366,true,,Qwen3-8B,s2,,,6365,false,
E-C',ml1m,FT,deployable_minus_oracle:topk_error_rate,0.06855197696,0.05801418629,0.07976599082,366,true,,Qwen3-8B,mean_over_seeds,,,6365,false,
E-C',ml1m,FT,deployable_minus_oracle:AUROC_margin_correct,-0.06294638292,-0.0767639233,-0.04919440761,366,true,,Qwen3-8B,mean_over_seeds,,,6365,false,
E-C',ml1m,FT,deployable_minus_oracle:share_errors_top,0.07141579757,0.05591362108,0.08791243311,366,true,,Qwen3-8B,mean_over_seeds,,,6365,false,
E-C',ml1m,FT,deployable_minus_oracle:AURC,0.08786104629,0.07674980818,0.09985099526,366,true,,Qwen3-8B,mean_over_seeds,,,6365,false,
FT-C,ml1m,FT-PERM,UAUC_TEST,0.595882707,0.5733706937,0.6179673713,366,true,,Qwen3-8B,zeroshot,,,6365,false,
FT-C,ml1m,FT-PERM,UAUC_TEST,0.7400062261,0.7197097258,0.7584675392,366,true,,Qwen3-8B,s0,,,6365,false,
FT-C,ml1m,FT-PERM,UAUC_TEST,0.7446659444,0.7255967532,0.763498586,366,true,,Qwen3-8B,s1,,,6365,false,
FT-C,ml1m,FT-PERM,UAUC_TEST,0.7313484155,0.7109915758,0.7511192084,366,true,,Qwen3-8B,p0,,,6365,false,
FT-C,ml1m,FT-PERM,UAUC_TEST,0.7301768542,0.7081952059,0.750371266,366,true,,Qwen3-8B,p1,,,6365,false,
FT-C,ml1m,FT-PERM,UAUC_TEST_q_hat,0.7586119349,0.7371140401,0.7795605492,366,true,,Qwen3-8B,reference,,,6365,false,descriptive companion
FT-C,ml1m,FT-PERM,retention_R,0.9399278433,0.8821517318,0.9936678078,366,true,,Qwen3-8B,s0,,,6365,false,
FT-C,ml1m,FT-PERM,retention_R,0.9026161117,0.8375007802,0.9562760259,366,true,,Qwen3-8B,s1,,,6365,false,
FT-C,ml1m,FT-PERM,retention_R,0.9212719775,0.8674141238,0.9676635404,366,true,,Qwen3-8B,mean_over_seeds,,,6365,false,ITEM_DRIVEN
