domain,backbone,block,regime,model,endpoint,est,lo,hi,p,n_users,n_pairs,descriptive_min_n,note
toys,Qwen3-8B,E-A,ZS,zeroshot,UAUC_TEST,0.5267554244,0.504855802,0.5492689099,,943,6120,false,
toys,Qwen3-8B,E-A,ZS,mean_over_seeds,UAUC_TEST,0.5267554244,0.504855802,0.5492689099,,943,6120,false,
toys,Qwen3-8B,E-A,ZS,reference,UAUC_TEST_q_hat,0.6837616131,0.6618607844,0.7040451063,,943,6120,false,same users and rows as the regime's models
toys,Qwen3-8B,E-A,ZS,reference,UAUC_TEST_popularity,0.504026857,0.4832743585,0.5263823023,,943,6120,false,same users and rows as the regime's models
toys,Qwen3-8B,E-A,ZS,reference,UAUC_TEST_mf,0.5394476163,0.5184944663,0.561078294,,943,6120,false,same users and rows as the regime's models
toys,Qwen3-8B,E-A,ZS,reference,UAUC_TEST_mf_personal_residual,0.4843777416,0.4638190575,0.5051892319,,943,6120,false,same users and rows as the regime's models
toys,Qwen3-8B,E-A,ZS,zeroshot,UAUC_all_rows,0.5336808146,0.5261984455,0.5415949032,,3000,38352,false,
toys,Qwen3-8B,E-A,ZS,mean_over_seeds,UAUC_all_rows,0.5336808146,0.5261984455,0.5415949032,,3000,38352,false,
toys,Qwen3-8B,E-A,ZS,zeroshot,UAUC_TEST_seen,0.5861979167,0.4961805556,0.6752734375,,96,265,true,
toys,Qwen3-8B,E-A,ZS,mean_over_seeds,UAUC_TEST_seen,0.5861979167,0.4961805556,0.6752734375,,96,265,true,
toys,Qwen3-8B,E-A,ZS,zeroshot,UAUC_TEST_unseen,0.5166242419,0.4915430632,0.5400861458,,855,5326,false,
toys,Qwen3-8B,E-A,ZS,mean_over_seeds,UAUC_TEST_unseen,0.5166242419,0.4915430632,0.5400861458,,855,5326,false,
toys,Qwen3-8B,E-A,ZS,zeroshot,max_abs_dAUC_user,0,,,,943,7463,,"lemma check: reported, not tested"
toys,Qwen3-8B,E-A,ZS,zeroshot,dAUC_pooled_offset_removal,-0.03731826992,,,,943,7463,,"lemma check: reported, not tested"
toys,Qwen3-8B,E-A,FT,s0,UAUC_TEST,0.5591890924,0.5382039469,0.580729365,,943,6120,false,
toys,Qwen3-8B,E-A,FT,s1,UAUC_TEST,0.5555461549,0.5342948122,0.5772954768,,943,6120,false,
toys,Qwen3-8B,E-A,FT,s2,UAUC_TEST,0.5585547776,0.5363819821,0.5802068258,,943,6120,false,
toys,Qwen3-8B,E-A,FT,mean_over_seeds,UAUC_TEST,0.5577633417,0.5383134269,0.5778763237,,943,6120,false,
toys,Qwen3-8B,E-A,FT,reference,UAUC_TEST_q_hat,0.6837616131,0.6618607844,0.7040451063,,943,6120,false,same users and rows as the regime's models
toys,Qwen3-8B,E-A,FT,reference,UAUC_TEST_popularity,0.504026857,0.4832743585,0.5263823023,,943,6120,false,same users and rows as the regime's models
toys,Qwen3-8B,E-A,FT,reference,UAUC_TEST_mf,0.5394476163,0.5184944663,0.561078294,,943,6120,false,same users and rows as the regime's models
toys,Qwen3-8B,E-A,FT,reference,UAUC_TEST_mf_personal_residual,0.4843777416,0.4638190575,0.5051892319,,943,6120,false,same users and rows as the regime's models
toys,Qwen3-8B,E-A,FT,s0,UAUC_all_rows,0.5787661164,0.5714347516,0.5867834584,,3000,38352,false,
toys,Qwen3-8B,E-A,FT,s1,UAUC_all_rows,0.5775221146,0.5702521222,0.5851693591,,3000,38352,false,
toys,Qwen3-8B,E-A,FT,s2,UAUC_all_rows,0.580931459,0.5736978115,0.5885884044,,3000,38352,false,
toys,Qwen3-8B,E-A,FT,mean_over_seeds,UAUC_all_rows,0.57907323,0.5719328173,0.5864820062,,3000,38352,false,
toys,Qwen3-8B,E-A,FT,s0,UAUC_TEST_seen,0.6038194444,0.5140625,0.6909852431,,96,265,true,
toys,Qwen3-8B,E-A,FT,s1,UAUC_TEST_seen,0.5956597222,0.5069357639,0.6847439236,,96,265,true,
toys,Qwen3-8B,E-A,FT,s2,UAUC_TEST_seen,0.5980902778,0.5102170139,0.6866493056,,96,265,true,
toys,Qwen3-8B,E-A,FT,mean_over_seeds,UAUC_TEST_seen,0.5991898148,0.5152083333,0.6829470486,,96,265,true,
toys,Qwen3-8B,E-A,FT,s0,UAUC_TEST_unseen,0.5527637436,0.5306618232,0.5766613605,,855,5326,false,
toys,Qwen3-8B,E-A,FT,s1,UAUC_TEST_unseen,0.5503634658,0.52766335,0.5744228073,,855,5326,false,
toys,Qwen3-8B,E-A,FT,s2,UAUC_TEST_unseen,0.5538816493,0.5307648211,0.5780090816,,855,5326,false,
toys,Qwen3-8B,E-A,FT,mean_over_seeds,UAUC_TEST_unseen,0.5523362862,0.5309104278,0.5751522759,,855,5326,false,
toys,Qwen3-8B,E-A,FT,s0,max_abs_dAUC_user,0,,,,943,7463,,"lemma check: reported, not tested"
toys,Qwen3-8B,E-A,FT,s0,dAUC_pooled_offset_removal,-0.05844515746,,,,943,7463,,"lemma check: reported, not tested"
toys,Qwen3-8B,E-A,FT,s1,max_abs_dAUC_user,0,,,,943,7463,,"lemma check: reported, not tested"
toys,Qwen3-8B,E-A,FT,s1,dAUC_pooled_offset_removal,-0.06227929449,,,,943,7463,,"lemma check: reported, not tested"
toys,Qwen3-8B,E-A,FT,s2,max_abs_dAUC_user,0,,,,943,7463,,"lemma check: reported, not tested"
toys,Qwen3-8B,E-A,FT,s2,dAUC_pooled_offset_removal,-0.06110312885,,,,943,7463,,"lemma check: reported, not tested"
toys,Qwen3-8B,E-B,FT,s0,dUAUC_FT_minus_ZS,0.03243366803,0.007608301337,0.05826538333,0.0139930035,943,6120,false,
toys,Qwen3-8B,E-B,FT,s1,dUAUC_FT_minus_ZS,0.02879073058,0.003260461868,0.05370690927,0.02698650675,943,6120,false,
toys,Qwen3-8B,E-B,FT,s2,dUAUC_FT_minus_ZS,0.03179935329,0.005219242063,0.05882966342,0.019990005,943,6120,false,
toys,Qwen3-8B,E-B,FT,mean_over_seeds,dUAUC_FT_minus_ZS,0.0310079173,0.006263478856,0.05568099633,0.01699150425,943,6120,false,sigma_seed=0.0019461568549166222
toys,Qwen3-8B,E-C,ZS,zeroshot,platt_slope,0.03150692945,0.02754696997,0.03536205733,,1751,7463,false,
toys,Qwen3-8B,E-C,ZS,zeroshot,platt_intercept,0.6889451591,0.6619400612,0.7175855646,,1751,7463,false,
toys,Qwen3-8B,E-C,ZS,zeroshot,ECE,0.0660646784,0.05224031465,0.08145202246,,1751,7463,false,
toys,Qwen3-8B,E-C,ZS,zeroshot,Brier,0.240045369,0.2350835017,0.2451513935,,1751,7463,false,
toys,Qwen3-8B,E-C,ZS,zeroshot,Brier_skill,0.01024678051,0.005300533348,0.01549220335,,1751,7463,false,
toys,Qwen3-8B,E-C,ZS,zeroshot,P_wrong_bottom,0.4668304668,0.444272841,0.4912818138,,943,6120,false,
toys,Qwen3-8B,E-C,ZS,zeroshot,P_wrong_middle,0.3971665852,0.3691714211,0.4208664706,,943,6120,false,
toys,Qwen3-8B,E-C,ZS,zeroshot,P_wrong_top,0.3022571148,0.2806034533,0.324571723,,943,6120,false,
toys,Qwen3-8B,E-C,ZS,zeroshot,share_errors_top,0.2589323245,0.243930695,0.2734089712,,943,6120,false,
toys,Qwen3-8B,E-C,ZS,zeroshot,share_correct_bottom,0.2900294039,0.2793797599,0.301581353,,943,6120,false,
toys,Qwen3-8B,E-C,ZS,zeroshot,AUROC_margin_correct,0.5862931902,0.5705888511,0.6027784564,,943,6120,false,
toys,Qwen3-8B,E-C,ZS,zeroshot,AURC,0.3258538531,0.3079585064,0.3439871272,,943,6120,false,
toys,Qwen3-8B,E-C,ZS,zeroshot,topk_error_rate,0.3887254902,0.3741064053,0.4029664779,,943,6120,false,
toys,Qwen3-8B,E-C,ZS,mean_over_seeds,platt_slope,0.03150692945,0.02754696997,0.03536205733,,1751,7463,false,
toys,Qwen3-8B,E-C,ZS,mean_over_seeds,platt_intercept,0.6889451591,0.6619400612,0.7175855646,,1751,7463,false,
toys,Qwen3-8B,E-C,ZS,mean_over_seeds,ECE,0.0660646784,0.05224031465,0.08145202246,,1751,7463,false,
toys,Qwen3-8B,E-C,ZS,mean_over_seeds,Brier,0.240045369,0.2350835017,0.2451513935,,1751,7463,false,
toys,Qwen3-8B,E-C,ZS,mean_over_seeds,Brier_skill,0.01024678051,0.005300533348,0.01549220335,,1751,7463,false,
toys,Qwen3-8B,E-C,ZS,mean_over_seeds,P_wrong_bottom,0.4668304668,0.444272841,0.4912818138,,943,6120,false,
toys,Qwen3-8B,E-C,ZS,mean_over_seeds,P_wrong_middle,0.3971665852,0.3691714211,0.4208664706,,943,6120,false,
toys,Qwen3-8B,E-C,ZS,mean_over_seeds,P_wrong_top,0.3022571148,0.2806034533,0.324571723,,943,6120,false,
toys,Qwen3-8B,E-C,ZS,mean_over_seeds,share_errors_top,0.2589323245,0.243930695,0.2734089712,,943,6120,false,
toys,Qwen3-8B,E-C,ZS,mean_over_seeds,share_correct_bottom,0.2900294039,0.2793797599,0.301581353,,943,6120,false,
toys,Qwen3-8B,E-C,ZS,mean_over_seeds,AUROC_margin_correct,0.5862931902,0.5705888511,0.6027784564,,943,6120,false,
toys,Qwen3-8B,E-C,ZS,mean_over_seeds,AURC,0.3258538531,0.3079585064,0.3439871272,,943,6120,false,
toys,Qwen3-8B,E-C,ZS,mean_over_seeds,topk_error_rate,0.3887254902,0.3741064053,0.4029664779,,943,6120,false,
toys,Qwen3-8B,E-C,FT,s0,platt_slope,0.8872249975,0.823942813,0.9549472163,,1751,7463,false,
toys,Qwen3-8B,E-C,FT,s0,platt_intercept,0.09673952706,0.04301817889,0.1474165741,,1751,7463,false,
toys,Qwen3-8B,E-C,FT,s0,ECE,0.05306760298,0.04014522593,0.06776123175,,1751,7463,false,
toys,Qwen3-8B,E-C,FT,s0,Brier,0.2334138493,0.2285605429,0.2383366877,,1751,7463,false,
toys,Qwen3-8B,E-C,FT,s0,Brier_skill,0.0375898115,0.03003745326,0.04540064757,,1751,7463,false,
toys,Qwen3-8B,E-C,FT,s0,P_wrong_bottom,0.4711067581,0.4474295661,0.4950349144,,943,6120,false,
toys,Qwen3-8B,E-C,FT,s0,P_wrong_middle,0.3886162905,0.3660034812,0.4127806472,,943,6120,false,
toys,Qwen3-8B,E-C,FT,s0,P_wrong_top,0.2696078431,0.2477735019,0.2910829447,,943,6120,false,
toys,Qwen3-8B,E-C,FT,s0,share_errors_top,0.2387152778,0.2231932039,0.2532717342,,943,6120,false,
toys,Qwen3-8B,E-C,FT,s0,share_correct_bottom,0.2830188679,0.2731022654,0.2926035889,,943,6120,false,
toys,Qwen3-8B,E-C,FT,s0,AUROC_margin_correct,0.6111261247,0.5960789594,0.6256824834,,943,6120,false,
toys,Qwen3-8B,E-C,FT,s0,AURC,0.2863278013,0.2697630898,0.3038719077,,943,6120,false,
toys,Qwen3-8B,E-C,FT,s0,topk_error_rate,0.3764705882,0.362634354,0.3912843709,,943,6120,false,
toys,Qwen3-8B,E-C,FT,s1,platt_slope,1.07834935,0.9986764704,1.163119781,,1751,7463,false,
toys,Qwen3-8B,E-C,FT,s1,platt_intercept,-0.07884476162,-0.1475999901,-0.01580416373,,1751,7463,false,
toys,Qwen3-8B,E-C,FT,s1,ECE,0.05660357836,0.04356010564,0.07108862619,,1751,7463,false,
toys,Qwen3-8B,E-C,FT,s1,Brier,0.2331242847,0.2282859705,0.2382546271,,1751,7463,false,
toys,Qwen3-8B,E-C,FT,s1,Brier_skill,0.03878374186,0.03099486627,0.04678831215,,1751,7463,false,
toys,Qwen3-8B,E-C,FT,s1,P_wrong_bottom,0.4875061244,0.4616104989,0.5122464231,,943,6120,false,
toys,Qwen3-8B,E-C,FT,s1,P_wrong_middle,0.3830308975,0.3578698629,0.4057071933,,943,6120,false,
toys,Qwen3-8B,E-C,FT,s1,P_wrong_top,0.2588235294,0.2386003069,0.281205909,,943,6120,false,
toys,Qwen3-8B,E-C,FT,s1,share_errors_top,0.2291666667,0.2143186859,0.2455446868,,943,6120,false,
toys,Qwen3-8B,E-C,FT,s1,share_correct_bottom,0.2741090147,0.2636444002,0.2847366317,,943,6120,false,
toys,Qwen3-8B,E-C,FT,s1,AUROC_margin_correct,0.6146386105,0.5985651684,0.6301010873,,943,6120,false,
toys,Qwen3-8B,E-C,FT,s1,AURC,0.2842590714,0.2679382776,0.3018972471,,943,6120,false,
toys,Qwen3-8B,E-C,FT,s1,topk_error_rate,0.3764705882,0.3623446807,0.3909461609,,943,6120,false,
toys,Qwen3-8B,E-C,FT,s2,platt_slope,1.073469755,0.9993124553,1.151755018,,1751,7463,false,
toys,Qwen3-8B,E-C,FT,s2,platt_intercept,-0.04500575865,-0.1071925151,0.01460196948,,1751,7463,false,
toys,Qwen3-8B,E-C,FT,s2,ECE,0.05534534669,0.0430613136,0.0697351971,,1751,7463,false,
toys,Qwen3-8B,E-C,FT,s2,Brier,0.2328688449,0.227990816,0.2380234599,,1751,7463,false,
toys,Qwen3-8B,E-C,FT,s2,Brier_skill,0.03983696928,0.03170213651,0.04799034783,,1751,7463,false,
toys,Qwen3-8B,E-C,FT,s2,P_wrong_bottom,0.4492398234,0.4256717716,0.4734761997,,943,6120,false,
toys,Qwen3-8B,E-C,FT,s2,P_wrong_middle,0.3953944145,0.3708170652,0.4189647256,,943,6120,false,
toys,Qwen3-8B,E-C,FT,s2,P_wrong_top,0.2632352941,0.2412419796,0.2852366262,,943,6120,false,
toys,Qwen3-8B,E-C,FT,s2,share_errors_top,0.2376106195,0.2210137974,0.2527780562,,943,6120,false,
toys,Qwen3-8B,E-C,FT,s2,share_correct_bottom,0.2909326425,0.2810911889,0.3005170055,,943,6120,false,
toys,Qwen3-8B,E-C,FT,s2,AUROC_margin_correct,0.6016068481,0.5861981592,0.6174808121,,943,6120,false,
toys,Qwen3-8B,E-C,FT,s2,AURC,0.2863234734,0.269296578,0.304655567,,943,6120,false,
toys,Qwen3-8B,E-C,FT,s2,topk_error_rate,0.3692810458,0.3548843493,0.384346142,,943,6120,false,
toys,Qwen3-8B,E-C,FT,mean_over_seeds,platt_slope,1.013014701,0.9406553209,1.088649209,,1751,7463,false,
toys,Qwen3-8B,E-C,FT,mean_over_seeds,platt_intercept,-0.009036997736,-0.07033077284,0.04766787621,,1751,7463,false,
toys,Qwen3-8B,E-C,FT,mean_over_seeds,ECE,0.05500550934,0.04217545895,0.0694900725,,1751,7463,false,
toys,Qwen3-8B,E-C,FT,mean_over_seeds,Brier,0.2331356597,0.2282440126,0.2382039471,,1751,7463,false,
toys,Qwen3-8B,E-C,FT,mean_over_seeds,Brier_skill,0.03873684088,0.0310552469,0.04675162778,,1751,7463,false,
toys,Qwen3-8B,E-C,FT,mean_over_seeds,P_wrong_bottom,0.4692842353,0.450687194,0.4879286546,,943,6120,false,
toys,Qwen3-8B,E-C,FT,mean_over_seeds,P_wrong_middle,0.3890138675,0.3669437494,0.4102521828,,943,6120,false,
toys,Qwen3-8B,E-C,FT,mean_over_seeds,P_wrong_top,0.2638888889,0.2437001864,0.2844377224,,943,6120,false,
toys,Qwen3-8B,E-C,FT,mean_over_seeds,share_errors_top,0.235164188,0.2207861607,0.2491793,,943,6120,false,
toys,Qwen3-8B,E-C,FT,mean_over_seeds,share_correct_bottom,0.2826868417,0.2750704016,0.2901537556,,943,6120,false,
toys,Qwen3-8B,E-C,FT,mean_over_seeds,AUROC_margin_correct,0.6091238611,0.5955955736,0.6222669437,,943,6120,false,
toys,Qwen3-8B,E-C,FT,mean_over_seeds,AURC,0.2856367821,0.2694962965,0.3032733845,,943,6120,false,
toys,Qwen3-8B,E-C,FT,mean_over_seeds,topk_error_rate,0.3740740741,0.3604058933,0.3882756089,,943,6120,false,
toys,Qwen3-8B,E-D,ZS,zeroshot,UAUC_pi,0.5010886512,0.4790567564,0.5227122568,,943,6120,false,
toys,Qwen3-8B,E-D,ZS,mean_over_seeds,UAUC_pi,0.5010886512,0.4790567564,0.5227122568,,943,6120,false,
toys,Qwen3-8B,E-D,ZS,zeroshot,UAUC_e_hat,0.5159980594,0.4948818133,0.5383474131,,943,6120,false,
toys,Qwen3-8B,E-D,ZS,mean_over_seeds,UAUC_e_hat,0.5159980594,0.4948818133,0.5383474131,,943,6120,false,
toys,Qwen3-8B,E-D,ZS,zeroshot,UAUC_L,0.5267554244,0.504855802,0.5492689099,,943,6120,false,
toys,Qwen3-8B,E-D,ZS,mean_over_seeds,UAUC_L,0.5267554244,0.504855802,0.5492689099,,943,6120,false,
toys,Qwen3-8B,E-D,ZS,zeroshot,UAUC_L_nohist,0.5200010696,0.4981959864,0.5419482565,,943,6120,false,
toys,Qwen3-8B,E-D,ZS,mean_over_seeds,UAUC_L_nohist,0.5200010696,0.4981959864,0.5419482565,,943,6120,false,
toys,Qwen3-8B,E-D,ZS,zeroshot,dUAUC_nohist_minus_raw,-0.008233785337,-0.03091525214,0.0145526197,0.5027486257,943,6120,false,
toys,Qwen3-8B,E-D,ZS,mean_over_seeds,dUAUC_nohist_minus_raw,-0.008233785337,-0.03091525214,0.0145526197,0.5027486257,943,6120,false,
toys,Qwen3-8B,E-D,ZS,zeroshot,dUAUC_evidence_minus_raw,-0.01075736491,-0.03610651849,0.0160504409,0.4217891054,943,6120,false,
toys,Qwen3-8B,E-D,ZS,mean_over_seeds,dUAUC_evidence_minus_raw,-0.01075736491,-0.03610651849,0.0160504409,0.4217891054,943,6120,false,
toys,Qwen3-8B,E-D,ZS,zeroshot,r_c,0.5229651508,0.500147512,0.5455880903,,943,6120,false,uninterpretable
toys,Qwen3-8B,E-D,ZS,zeroshot,r8c,0.6867723146,0.6667977755,0.7059941698,,943,6120,false,uninterpretable
toys,Qwen3-8B,E-D,ZS,zeroshot,rho,0.4570874997,0.4153606344,0.4982787761,,943,6120,false,uninterpretable
toys,Qwen3-8B,E-D,ZS,zeroshot,item_prior_share,0.3042187024,0.2504651865,0.3601813267,,943,6120,false,uninterpretable
toys,Qwen3-8B,E-D,ZS,zeroshot,non_prior_share,0.6957812976,0.6398186733,0.7495348135,,943,6120,false,uninterpretable
toys,Qwen3-8B,E-D,ZS,mean_over_seeds,r_c,0.5229651508,0.500147512,0.5455880903,,943,6120,false,
toys,Qwen3-8B,E-D,ZS,mean_over_seeds,r8c,0.6867723146,0.6667977755,0.7059941698,,943,6120,false,
toys,Qwen3-8B,E-D,ZS,mean_over_seeds,rho,0.4570874997,0.4153606344,0.4982787761,,943,6120,false,
toys,Qwen3-8B,E-D,ZS,mean_over_seeds,item_prior_share,0.3042187024,0.2504651865,0.3601813267,,943,6120,false,
toys,Qwen3-8B,E-D,ZS,mean_over_seeds,non_prior_share,0.6957812976,0.6398186733,0.7495348135,,943,6120,false,
toys,Qwen3-8B,E-D,ZS,zeroshot,G,-0.001892004241,-0.01193342203,0.007920126422,0.6646676662,943,6120,false,
toys,Qwen3-8B,E-D,ZS,mean_over_seeds,G,-0.001892004241,-0.01193342203,0.007920126422,0.6646676662,943,6120,false,
toys,Qwen3-8B,E-D,ZS,reference,G_CF,0.001500260085,-0.003045233617,0.006236382088,0.5797101449,943,6120,false,
toys,Qwen3-8B,E-D,ZS,zeroshot,starperm_dUAUC,0.008051758081,-0.003072252716,0.0193903484,0.1699150425,943,6120,false,tau_sd_within_user=1.4162138793573646
toys,Qwen3-8B,E-D,ZS,mean_over_seeds,starperm_dUAUC,0.008051758081,-0.003072252716,0.0193903484,0.1699150425,943,6120,false,
toys,Qwen3-8B,E-D,FT,s0,UAUC_pi,0.5331384238,0.5110605769,0.5539387251,,943,6120,false,
toys,Qwen3-8B,E-D,FT,s1,UAUC_pi,0.5431663531,0.521424039,0.5641483008,,943,6120,false,
toys,Qwen3-8B,E-D,FT,s2,UAUC_pi,0.5390377069,0.5172491531,0.5593342329,,943,6120,false,
toys,Qwen3-8B,E-D,FT,mean_over_seeds,UAUC_pi,0.5384474946,0.5175023163,0.558338968,,943,6120,false,
toys,Qwen3-8B,E-D,FT,s0,UAUC_e_hat,0.5379889942,0.515818126,0.5600413694,,943,6120,false,
toys,Qwen3-8B,E-D,FT,s1,UAUC_e_hat,0.5313161971,0.5097336281,0.5525466098,,943,6120,false,
toys,Qwen3-8B,E-D,FT,s2,UAUC_e_hat,0.5347136364,0.5118736258,0.5570349669,,943,6120,false,
toys,Qwen3-8B,E-D,FT,mean_over_seeds,UAUC_e_hat,0.5346729426,0.51345151,0.5550002638,,943,6120,false,
toys,Qwen3-8B,E-D,FT,s0,UAUC_L,0.5591890924,0.5382039469,0.580729365,,943,6120,false,
toys,Qwen3-8B,E-D,FT,s1,UAUC_L,0.5555461549,0.5342948122,0.5772954768,,943,6120,false,
toys,Qwen3-8B,E-D,FT,s2,UAUC_L,0.5585547776,0.5363819821,0.5802068258,,943,6120,false,
toys,Qwen3-8B,E-D,FT,mean_over_seeds,UAUC_L,0.5577633417,0.5383134269,0.5778763237,,943,6120,false,
toys,Qwen3-8B,E-D,FT,s0,UAUC_L_nohist,0.5304927914,0.5094639957,0.5527216589,,943,6120,false,
toys,Qwen3-8B,E-D,FT,s1,UAUC_L_nohist,0.5340660497,0.5120210443,0.5559900028,,943,6120,false,
toys,Qwen3-8B,E-D,FT,s2,UAUC_L_nohist,0.5454819729,0.5247845149,0.5676559729,,943,6120,false,
toys,Qwen3-8B,E-D,FT,mean_over_seeds,UAUC_L_nohist,0.5366802713,0.5168831456,0.5572205004,,943,6120,false,
toys,Qwen3-8B,E-D,FT,s0,dUAUC_nohist_minus_raw,-0.01027027122,-0.03005180173,0.009181906584,0.2828585707,943,6120,false,
toys,Qwen3-8B,E-D,FT,s1,dUAUC_nohist_minus_raw,-0.008928517765,-0.02717482781,0.01004869897,0.3578210895,943,6120,false,
toys,Qwen3-8B,E-D,FT,s2,dUAUC_nohist_minus_raw,-0.02319512465,-0.04397041049,-0.002152841166,0.027986007,943,6120,false,
toys,Qwen3-8B,E-D,FT,mean_over_seeds,dUAUC_nohist_minus_raw,-0.01413130454,-0.03092735693,0.002603910603,0.1019490255,943,6120,false,
toys,Qwen3-8B,E-D,FT,s0,dUAUC_evidence_minus_raw,-0.02120009818,-0.04631647862,0.003872124201,0.1059470265,943,6120,false,
toys,Qwen3-8B,E-D,FT,s1,dUAUC_evidence_minus_raw,-0.0242299578,-0.05080424193,0.002601514343,0.08795602199,943,6120,false,
toys,Qwen3-8B,E-D,FT,s2,dUAUC_evidence_minus_raw,-0.02384114126,-0.04921097394,0.003538328941,0.08695652174,943,6120,false,
toys,Qwen3-8B,E-D,FT,mean_over_seeds,dUAUC_evidence_minus_raw,-0.02309039908,-0.0470484485,0.001717480798,0.06896551724,943,6120,false,
toys,Qwen3-8B,E-D,FT,s0,r_c,0.6944925478,0.6773192861,0.7108964774,,943,6120,false,interpretable
toys,Qwen3-8B,E-D,FT,s0,r8c,0.8197056384,0.8076211745,0.8310221999,,943,6120,false,interpretable
toys,Qwen3-8B,E-D,FT,s0,rho,0.7223881459,0.6961550611,0.7459988612,,943,6120,false,interpretable
toys,Qwen3-8B,E-D,FT,s0,item_prior_share,0.6366244283,0.5941409014,0.6771872649,,943,6120,false,interpretable
toys,Qwen3-8B,E-D,FT,s0,non_prior_share,0.3633755717,0.3228127351,0.4058590986,,943,6120,false,interpretable
toys,Qwen3-8B,E-D,FT,s1,r_c,0.6549918531,0.6371902647,0.6725804277,,943,6120,false,interpretable
toys,Qwen3-8B,E-D,FT,s1,r8c,0.7915348367,0.7783948859,0.8042428532,,943,6120,false,interpretable
toys,Qwen3-8B,E-D,FT,s1,rho,0.7248238722,0.7012001139,0.7464848065,,943,6120,false,interpretable
toys,Qwen3-8B,E-D,FT,s1,item_prior_share,0.6637353423,0.623244291,0.7025475995,,943,6120,false,interpretable
toys,Qwen3-8B,E-D,FT,s1,non_prior_share,0.3362646577,0.2974524005,0.376755709,,943,6120,false,interpretable
toys,Qwen3-8B,E-D,FT,s2,r_c,0.6494160045,0.6316649233,0.6676937005,,943,6120,false,interpretable
toys,Qwen3-8B,E-D,FT,s2,r8c,0.7874496219,0.7742581387,0.8007390089,,943,6120,false,interpretable
toys,Qwen3-8B,E-D,FT,s2,rho,0.7355264951,0.7143342203,0.7557862578,,943,6120,false,interpretable
toys,Qwen3-8B,E-D,FT,s2,item_prior_share,0.6870270934,0.6498135672,0.7217893201,,943,6120,false,interpretable
toys,Qwen3-8B,E-D,FT,s2,non_prior_share,0.3129729066,0.2782106799,0.3501864328,,943,6120,false,interpretable
toys,Qwen3-8B,E-D,FT,mean_over_seeds,r_c,0.6663001352,0.6487023774,0.6833174183,,943,6120,false,
toys,Qwen3-8B,E-D,FT,mean_over_seeds,r8c,0.7995633657,0.7867693112,0.8117139031,,943,6120,false,
toys,Qwen3-8B,E-D,FT,mean_over_seeds,rho,0.7275795044,0.7043580715,0.7495254293,,943,6120,false,
toys,Qwen3-8B,E-D,FT,mean_over_seeds,item_prior_share,0.662462288,0.6229919675,0.6998186312,,943,6120,false,
toys,Qwen3-8B,E-D,FT,mean_over_seeds,non_prior_share,0.337537712,0.3001813688,0.3770080325,,943,6120,false,
toys,Qwen3-8B,E-D,FT,s0,G,-0.006790739478,-0.01780490754,0.003859345918,0.2498750625,943,6120,false,
toys,Qwen3-8B,E-D,FT,s1,G,-0.001969293563,-0.01222683664,0.008654572501,0.7176411794,943,6120,false,
toys,Qwen3-8B,E-D,FT,s2,G,-0.005148879632,-0.01525265785,0.005185159957,0.3258370815,943,6120,false,
toys,Qwen3-8B,E-D,FT,mean_over_seeds,G,-0.004636304224,-0.01414297971,0.004840857512,0.3488255872,943,6120,false,
toys,Qwen3-8B,E-D,FT,reference,G_CF,0.001500260085,-0.003045233617,0.006236382088,0.5797101449,943,6120,false,
toys,Qwen3-8B,E-D,FT,s0,starperm_dUAUC,0.01066600164,0.001451857009,0.0198974953,0.0219890055,943,6120,false,tau_sd_within_user=0.0770496968600969
toys,Qwen3-8B,E-D,FT,s1,starperm_dUAUC,0.01072814843,0.0006167673588,0.02020773399,0.035982009,943,6120,false,tau_sd_within_user=0.06434777050750286
toys,Qwen3-8B,E-D,FT,s2,starperm_dUAUC,0.003760236535,-0.005797352321,0.01371425327,0.4607696152,943,6120,false,tau_sd_within_user=0.06446798430744162
toys,Qwen3-8B,E-D,FT,mean_over_seeds,starperm_dUAUC,0.008384795534,0.0006717954273,0.01618300472,0.031984008,943,6120,false,
toys,Qwen3-8B,E-E,ZS,zeroshot,partial_spearman_L_pair,0.05418763046,0.0213467478,0.08579829465,,1751,7463,false,
toys,Qwen3-8B,E-E,ZS,mean_over_seeds,partial_spearman_L_pair,0.05418763046,0.0213467478,0.08579829465,,1751,7463,false,
toys,Qwen3-8B,E-E,ZS,zeroshot,partial_spearman_L_item,0.06076467837,0.03699963994,0.08251340176,,1751,,false,
toys,Qwen3-8B,E-E,ZS,mean_over_seeds,partial_spearman_L_item,0.06076467837,0.03699963994,0.08251340176,,1751,,false,
toys,Qwen3-8B,E-E,ZS,zeroshot,partial_spearman_pi_item,0.2684997628,0.2442932849,0.291163022,,943,,false,
toys,Qwen3-8B,E-E,ZS,mean_over_seeds,partial_spearman_pi_item,0.2684997628,0.2442932849,0.291163022,,943,,false,
toys,Qwen3-8B,E-E,ZS,zeroshot,bias_index_head,-0.03632375149,-0.07113300658,-0.001660014348,,1751,7463,false,
toys,Qwen3-8B,E-E,ZS,zeroshot,bias_index_tail,0.004068372329,-0.01282839871,0.0207058095,,1751,7463,false,
toys,Qwen3-8B,E-E,ZS,zeroshot,bias_index_head_minus_tail,-0.04039212382,-0.08299407642,0.0008873367001,0.05597201399,1751,7463,false,
toys,Qwen3-8B,E-E,ZS,mean_over_seeds,bias_index_head,-0.03632375149,-0.07113300658,-0.001660014348,,1751,7463,false,
toys,Qwen3-8B,E-E,ZS,mean_over_seeds,bias_index_tail,0.004068372329,-0.01282839871,0.0207058095,,1751,7463,false,
toys,Qwen3-8B,E-E,ZS,mean_over_seeds,bias_index_head_minus_tail,-0.04039212382,-0.08299407642,0.0008873367001,0.05597201399,1751,7463,false,
toys,Qwen3-8B,E-E,ZS,zeroshot,UAUC_TEST_tail_exploratory,0.5218646095,0.4803578493,0.565493468,,331,1418,false,
toys,Qwen3-8B,E-E,ZS,mean_over_seeds,UAUC_TEST_tail_exploratory,0.5218646095,0.4803578493,0.565493468,,331,1418,false,
toys,Qwen3-8B,E-E,FT,s0,partial_spearman_L_pair,0.02461450376,-0.009039560998,0.05933333394,,1751,7463,false,
toys,Qwen3-8B,E-E,FT,s1,partial_spearman_L_pair,0.008797256521,-0.02474756771,0.04275989913,,1751,7463,false,
toys,Qwen3-8B,E-E,FT,s2,partial_spearman_L_pair,0.01202886178,-0.02207846379,0.04642022812,,1751,7463,false,
toys,Qwen3-8B,E-E,FT,mean_over_seeds,partial_spearman_L_pair,0.01514687402,-0.01871475209,0.04948384075,,1751,7463,false,
toys,Qwen3-8B,E-E,FT,s0,partial_spearman_L_item,0.03289205062,0.009138416702,0.05506786027,,1751,,false,
toys,Qwen3-8B,E-E,FT,s1,partial_spearman_L_item,0.01712749867,-0.006555982709,0.03955836828,,1751,,false,
toys,Qwen3-8B,E-E,FT,s2,partial_spearman_L_item,0.02124458458,-0.002328413505,0.04424129071,,1751,,false,
toys,Qwen3-8B,E-E,FT,mean_over_seeds,partial_spearman_L_item,0.02375471129,0.0002080546154,0.04597844669,,1751,,false,
toys,Qwen3-8B,E-E,FT,s0,partial_spearman_pi_item,0.2660359121,0.2420039196,0.2898098171,,943,,false,
toys,Qwen3-8B,E-E,FT,s1,partial_spearman_pi_item,0.2500914291,0.2259874695,0.2740452391,,943,,false,
toys,Qwen3-8B,E-E,FT,s2,partial_spearman_pi_item,0.2457605489,0.221662224,0.2706804804,,943,,false,
toys,Qwen3-8B,E-E,FT,mean_over_seeds,partial_spearman_pi_item,0.2539626301,0.2296549399,0.277844884,,943,,false,
toys,Qwen3-8B,E-E,FT,s0,bias_index_head,-0.0402693296,-0.07504138024,-0.005758692336,,1751,7463,false,
toys,Qwen3-8B,E-E,FT,s0,bias_index_tail,0.006254192332,-0.01039484752,0.02254151174,,1751,7463,false,
toys,Qwen3-8B,E-E,FT,s0,bias_index_head_minus_tail,-0.04652352193,-0.08937196786,-0.007235111239,0.0259870065,1751,7463,false,
toys,Qwen3-8B,E-E,FT,s1,bias_index_head,-0.03815190723,-0.07254201933,-0.004274405367,,1751,7463,false,
toys,Qwen3-8B,E-E,FT,s1,bias_index_tail,0.00535086426,-0.01097100005,0.02156887896,,1751,7463,false,
toys,Qwen3-8B,E-E,FT,s1,bias_index_head_minus_tail,-0.04350277149,-0.08523593101,-0.00367863112,0.04097951024,1751,7463,false,
toys,Qwen3-8B,E-E,FT,s2,bias_index_head,-0.0353316001,-0.06950301145,-0.001559505105,,1751,7463,false,
toys,Qwen3-8B,E-E,FT,s2,bias_index_tail,0.005917973019,-0.0103293532,0.0221258109,,1751,7463,false,
toys,Qwen3-8B,E-E,FT,s2,bias_index_head_minus_tail,-0.04124957312,-0.08350238857,-0.001684889832,0.04597701149,1751,7463,false,
toys,Qwen3-8B,E-E,FT,mean_over_seeds,bias_index_head,-0.03791761231,-0.07223675705,-0.003863115992,,1751,7463,false,
toys,Qwen3-8B,E-E,FT,mean_over_seeds,bias_index_tail,0.00584100987,-0.0105301516,0.0218556469,,1751,7463,false,
toys,Qwen3-8B,E-E,FT,mean_over_seeds,bias_index_head_minus_tail,-0.04375862218,-0.08581393387,-0.004487199502,0.03898050975,1751,7463,false,
toys,Qwen3-8B,E-E,FT,s0,UAUC_TEST_tail_exploratory,0.5504136515,0.508418718,0.5911121537,,331,1418,false,
toys,Qwen3-8B,E-E,FT,s1,UAUC_TEST_tail_exploratory,0.5574837528,0.5172502378,0.5989131735,,331,1418,false,
toys,Qwen3-8B,E-E,FT,s2,UAUC_TEST_tail_exploratory,0.5470672329,0.5051576621,0.5866482967,,331,1418,false,
toys,Qwen3-8B,E-E,FT,mean_over_seeds,UAUC_TEST_tail_exploratory,0.5516548791,0.5131698554,0.5898654701,,331,1418,false,
toys,Qwen3-8B,P1,FT-ZS,s0,G_FT_minus_G_ZS,-0.004898735237,-0.01679292446,0.007804279387,0.4807596202,943,6120,false,
toys,Qwen3-8B,P1,FT-ZS,s1,G_FT_minus_G_ZS,-7.728932184e-05,-0.01132224796,0.01145818399,0.9625187406,943,6120,false,
toys,Qwen3-8B,P1,FT-ZS,s2,G_FT_minus_G_ZS,-0.003256875391,-0.01518026159,0.008526166324,0.6126936532,943,6120,false,
toys,Qwen3-8B,P1,FT-ZS,mean_over_seeds,G_FT_minus_G_ZS,-0.002744299983,-0.01364372895,0.008598383879,0.6706646677,943,6120,false,NO_EVIDENCE (replication of P1's sign (Amendment 2 F))
toys,Qwen3-8B,FT-K,,zeroshot,label,,,,,3000,38352,,INDETERMINATE
toys,Qwen3-8B,FT-K,,s0,label,,,,,3000,38352,,INDETERMINATE
toys,Qwen3-8B,FT-K,,s1,label,,,,,3000,38352,,INDETERMINATE
toys,Qwen3-8B,FT-K,,s2,label,,,,,3000,38352,,INDETERMINATE
